                  epoch,         train/box_loss,         train/cls_loss,         train/dfl_loss,   metrics/precision(B),      metrics/recall(B),       metrics/mAP50(B),    metrics/mAP50-95(B),           val/box_loss,           val/cls_loss,           val/dfl_loss,                 lr/pg0,                 lr/pg1,                 lr/pg2
                      1,                 1.6431,                  2.772,                 1.1695,                0.63907,                0.57801,                0.59946,                0.35128,                 1.5274,                 2.0643,                 1.1679,             0.00041563,             0.00041563,             0.00041563
                      2,                  1.593,                 1.8805,                  1.185,                0.75869,                0.61413,                0.64735,                0.38454,                 1.4932,                 1.6948,                  1.137,              0.0006675,              0.0006675,              0.0006675
                      3,                 1.5313,                 1.5379,                 1.1571,                0.82843,                0.70225,                0.75302,                 0.4675,                 1.4027,                 1.2493,                 1.1076,             0.00075437,             0.00075437,             0.00075437
                      4,                 1.4552,                 1.2811,                 1.1126,                0.79209,                0.75494,                0.76085,                0.49825,                 1.2835,                 1.1008,                 1.0395,              0.0005075,              0.0005075,              0.0005075
                      5,                 1.3406,                 1.0791,                 1.0633,                0.86717,                0.75435,                0.79723,                0.52502,                 1.2691,                0.94596,                 1.0213,                0.00026,                0.00026,                0.00026
